{
  "x": [
    -4.8123916794821945e-14,
    1.524321000333756e-14,
    -9.598922160866166e-15,
    4.549766985408581e-14,
    4.217420527001596e-14,
    0.000693904044456709,
    9.973150867439719e-14,
    3.220205686546537e-14,
    7.05893783179163e-15,
    3.297089792162543e-14,
    2.2117909134855812e-14,
    1.0391944431711461e-15,
    -2.891105379227447e-15,
    0.4877529957854765,
    0.48775301603379484,
    0.004016415217970683
  ],
  "fun": -0.046709142383983215,
  "success": true,
  "message": "Optimization terminated successfully",
  "jac": [
    2.1075711883604527,
    2.132833951152861,
    0.998549472540617,
    9.791909544728696,
    8.315722307190299,
    0.008248599246144295,
    17.333940551150594,
    6.775658986531199,
    2.3424920300021768,
    6.066588819492609,
    4.791459024883808,
    0.9678573333658279,
    0.8473837077617645,
    3.911880776286125e-05,
    3.911880776286125e-05,
    -3.194669261574745e-05
  ],
  "nit": 20,
  "nfev": 329,
  "njev": 19,
  "status": 0
}
