{
  "x": [
    0.005497320794502832,
    0.0024130793522539737,
    0.10792445597589795,
    0.018423415380023952,
    -2.8436488737617812e-11,
    -1.069783643283096e-11,
    0.019616552807407914,
    0.15964839380433174,
    0.008016087175594148,
    0.0002187938975668589,
    -1.7389534343104167e-12,
    0.0013008469225446895,
    -2.144883431719079e-11,
    0.0005243330748240375,
    0.004508727813395811,
    0.04257308752803421,
    4.322796862190126e-05,
    0.0002407028893084098,
    -1.7841885912674867e-12,
    -7.347087552290778e-12,
    0.00035650129242344603,
    0.0017425765089350426,
    0.000365602883664239,
    0.0007367240438784497,
    0.0010329267957561244,
    0.013580094957849871
  ],
  "fun": -0.1819914989377182,
  "success": true,
  "message": "Optimization terminated successfully",
  "jac": [
    0.010760074481368065,
    -0.013307454064488411,
    0.0048289913684129715,
    0.0022805072367191315,
    4.078226611018181,
    1.3461312409490347,
    -0.00479193776845932,
    -0.00015043839812278748,
    -0.006010102108120918,
    0.012215379625558853,
    0.01837608963251114,
    0.032599760219454765,
    2.6025247909128666,
    -0.0699318889528513,
    0.08429131284356117,
    -0.01255655288696289,
    0.2951634097844362,
    0.3332782257348299,
    0.2781893741339445,
    0.028773676604032516,
    -0.05307581648230553,
    -0.044431066140532494,
    -0.0002533178776502609,
    0.014924243092536926,
    -0.012796036899089813,
    0.027266783639788628
  ],
  "nit": 66,
  "nfev": 1819,
  "njev": 65,
  "status": 0
}