{
  "x": [
    0.0006460612647931075,
    0.0013995643452535385,
    0.0055165467435357,
    -1.8080723207665013e-17,
    0.0014769486088545777,
    -2.661470152622311e-16,
    0.00029261301487167843,
    0.00027962332181137914,
    0.0012020584510682303,
    0.00031615403279985877,
    -2.7374397174378632e-15,
    0.004947230437506216
  ],
  "fun": -0.30585157396762197,
  "success": true,
  "message": "Optimization terminated successfully",
  "jac": [
    0.039382923394441605,
    0.02717757597565651,
    -0.011888399720191956,
    2.5565086491405964,
    0.019054345786571503,
    1.6713888496160507,
    -0.007924564182758331,
    -0.005072049796581268,
    -0.012211792171001434,
    -0.08725253865122795,
    1.1093560941517353,
    0.002215098589658737
  ],
  "nit": 57,
  "nfev": 788,
  "njev": 57,
  "status": 0
}