{
  "x": [
    0.43323816489650874,
    0.03984554477092785,
    0.3247932664061768,
    -1.2306470067412621e-17,
    0.0004545760311800422,
    0.01404081994335307,
    -2.4035677061050524e-17,
    0.0064261399593946375,
    0.0021873970032001756,
    0.012568383302105395,
    0.0007840232874847511,
    2.854304817049393e-17,
    0.028674968346137236
  ],
  "fun": -0.3406084683514582,
  "success": true,
  "message": "Optimization terminated successfully",
  "jac": [
    -5.5674463510513306e-05,
    -0.0002517029643058777,
    7.468089461326599e-05,
    0.14323151111602783,
    0.004573211073875427,
    -0.0011925697326660156,
    0.5170676037669182,
    0.004849255084991455,
    0.00420040637254715,
    -0.001399300992488861,
    -0.005405668169260025,
    0.14996379986405373,
    -0.0003383271396160126
  ],
  "nit": 37,
  "nfev": 544,
  "njev": 37,
  "status": 0
}