{
  "x": [
    0.008391367160887488,
    0.010336954513268118,
    0.016988835288053537,
    0.0014406722655336264,
    0.6325500709026113,
    0.0011013327235383581,
    0.05545695047973636,
    0.055456950479736374
  ],
  "fun": -0.10894274619793545,
  "success": true,
  "message": "Optimization terminated successfully",
  "jac": [
    -0.0027278121560811996,
    -0.00044282712042331696,
    -0.0010399194434285164,
    -0.0004513384774327278,
    0.000115259550511837,
    0.0002603922039270401,
    -2.4672597646713257e-05,
    -2.4672597646713257e-05
  ],
  "nit": 23,
  "nfev": 213,
  "njev": 23,
  "status": 0
}