{
  "x": [
    -1.1601126221646474e-18,
    1.6140127706561743e-16,
    0.15693498369857553,
    0.8430650163014203,
    1.7965440370846575e-15
  ],
  "fun": -0.5286661301407868,
  "success": true,
  "message": "Optimization terminated successfully",
  "jac": [
    39.21131022274494,
    0.018849365413188934,
    -0.00400996208190918,
    -0.0039043128490448,
    0.003920897841453552
  ],
  "nit": 24,
  "nfev": 152,
  "njev": 24,
  "status": 0
}