{
  "x": [
    -7.30415650224163e-09,
    1.1470566505583712e-05,
    9.873509573575887e-08,
    4.664917081757532e-06,
    -1.3860377467101302e-08,
    3.405085002297622e-05,
    0.0005618509136243442,
    -4.841749017784653e-09,
    3.867106933638787e-05,
    4.3293466548456976e-09,
    8.439851231611054e-06,
    -1.8571508486736728e-09,
    0.0002004602061340397
  ],
  "fun": -0.05823513564329564,
  "success": false,
  "message": "Iteration limit reached",
  "jac": [
    13.136068064253777,
    1.4453735761344433,
    7.742118075489998,
    6.615620826371014,
    342.15142648434266,
    20.70336250960827,
    -0.13612923584878445,
    146.01338363997638,
    -2.5024532838724554,
    87.6303727813065,
    18.619073640089482,
    68.5273332609795,
    -0.410013223066926
  ],
  "nit": 100,
  "nfev": 1484,
  "njev": 100,
  "status": 9
}