{
  "x": [
    9.894485957464313e-06,
    7.498221491472024e-06,
    7.273742063524115e-06,
    1.247702444391318e-05,
    4.9157052756876765e-05,
    -3.6998362945879764e-09,
    9.321900468634664e-06,
    1.0484326759976278e-05,
    5.2519975489241226e-05
  ],
  "fun": -0.17591531852109418,
  "success": true,
  "message": "Optimization terminated successfully",
  "jac": [
    58.399163357913494,
    -3.933982864022255,
    -1.9855680782347918,
    -30.725427893921733,
    7.529212526977062,
    49.0682728625834,
    25.952108792960644,
    -32.82279867865145,
    -3.691281070932746
  ],
  "nit": 79,
  "nfev": 882,
  "njev": 77,
  "status": 0
}