{
  "x": [
    0.34643054957697544,
    0.09221677871626965,
    -8.387674635637804e-18,
    0.21059442959140776,
    1.8004169947235656e-17,
    1.969678285444427e-17,
    0.07078450963833399,
    0.1145283605384418,
    0.09308369500511751,
    -5.2041704279304657e-17
  ],
  "fun": -0.0873992999385363,
  "success": true,
  "message": "Optimization terminated successfully",
  "jac": [
    -0.00014562252908945084,
    -0.00013880152255296707,
    0.03404697868973017,
    -1.5203841030597687e-05,
    0.027582755312323574,
    0.12883543036878112,
    -0.0003567840903997421,
    0.00010785087943077087,
    7.269904017448425e-05,
    0.11638626642525196
  ],
  "nit": 7,
  "nfev": 77,
  "njev": 7,
  "status": 0
}