{
  "x": [
    6.386997785060789e-17,
    0.02675371105204237,
    0.17913051213857237,
    0.17179589653770747,
    2.0957664774455328e-17,
    0.3667337800762479,
    0.21077191292129702,
    0.04481418727413292
  ],
  "fun": -0.038221887635129854,
  "success": true,
  "message": "Optimization terminated successfully",
  "jac": [
    0.050845414400100715,
    -0.0008024158887565136,
    -0.00012800982221961021,
    -0.0007779053412377834,
    0.0043985266238451,
    -0.0006908453069627285,
    -0.0010918816551566124,
    -0.0010281112045049667
  ],
  "nit": 19,
  "nfev": 172,
  "njev": 19,
  "status": 0
}