{
  "x": [
    0.0007408002328447012,
    0.0004004356344316659,
    0.0012707225966268802,
    0.0018046860757651392,
    0.003271743855115574,
    0.028613844771829943,
    0.005392722136753486,
    0.0002467620344816814,
    0.0003645305869999313,
    3.980415520580861e-12,
    0.0006726577970630858,
    2.4398514023757376e-11,
    0.0015946069082210653
  ],
  "fun": -0.07149994774570548,
  "success": true,
  "message": "Optimization terminated successfully",
  "jac": [
    0.009548930451273918,
    -0.040028958581388,
    0.018112988211214542,
    0.0016497839242219925,
    0.006904583424329758,
    -0.0001911977306008339,
    -0.003077005036175251,
    0.005395692773163319,
    -0.016838619485497475,
    6.213912738487124,
    -0.0015286793932318687,
    0.11147501226514578,
    -0.00543532520532608
  ],
  "nit": 60,
  "nfev": 883,
  "njev": 60,
  "status": 0
}