{
  "x": [
    0.03840561540189056,
    -1.4209119109874032e-16,
    -3.5419838097425565e-16,
    6.214380006408041e-17,
    0.04708111665852911,
    -1.6004956835910213e-16,
    0.03969401608680562,
    -7.8652647154723e-17,
    0.31877281926259554,
    0.0017491152189118941,
    0.04796269571474869,
    -7.6753006731764e-17,
    0.05830780138419931,
    0.397239262926399,
    0.019896219054534828,
    0.02100918831802137,
    -1.0110702112827705e-16
  ],
  "fun": -0.1124830242047092,
  "success": true,
  "message": "Optimization terminated successfully",
  "jac": [
    -0.0005362667143344879,
    0.0029356172308325768,
    0.6340865679085255,
    0.013903460465371609,
    -0.0001750122755765915,
    0.20766914263367653,
    -0.0002247849479317665,
    0.0014020558446645737,
    -0.0002658981829881668,
    -0.0004726732149720192,
    -0.0005099792033433914,
    0.00453818216919899,
    0.0005714278668165207,
    -0.000246475450694561,
    -0.0008073300123214722,
    -0.0007370952516794205,
    0.0002439543604850769
  ],
  "nit": 23,
  "nfev": 421,
  "njev": 23,
  "status": 0
}