{
  "x": [
    -3.519920492663218e-12,
    0.002459234360958807,
    0.0012626131829198564,
    0.0006270697902651629,
    0.0012829454043219092,
    0.003827858940165256,
    0.00029936096102896223,
    0.0010823899106172743,
    0.0027430592162876154,
    0.0051797453178999775,
    0.0026492236031588233
  ],
  "fun": -0.4859598626962059,
  "success": true,
  "message": "Optimization terminated successfully",
  "jac": [
    0.13564357161521912,
    -0.00579458475112915,
    0.034175992012023926,
    0.08326287195086479,
    -0.03155050799250603,
    0.014938101172447205,
    -0.09308107569813728,
    0.042397476732730865,
    0.0004048161208629608,
    -0.006910838186740875,
    3.742799162864685e-05
  ],
  "nit": 72,
  "nfev": 929,
  "njev": 72,
  "status": 0
}