{
  "x": [
    4.448342463777653e-16,
    1.9719397914002102e-15,
    0.0004884990375736048,
    2.681654907604108e-15,
    4.909808013622623e-14,
    0.0025542224857795005,
    0.34928241977467495,
    5.893071052729941e-15,
    0.1950587457681834,
    0.0006336765232497808,
    0.004408440816634514,
    0.005034742153885097,
    0.02680098565332378,
    2.382285880719527e-15,
    1.5765998746208735e-15,
    0.026619036900704694,
    0.014186263149292425,
    0.03386478939258766,
    0.007385485279516171,
    0.0065735141040256274,
    0.0012126132250323835,
    0.013491068640922338,
    1.0312143393749493e-13,
    0.3124054970943912
  ],
  "fun": -0.2468635891768049,
  "success": true,
  "message": "Optimization terminated successfully",
  "jac": [
    0.020816445350646976,
    0.387420367449522,
    -0.0013445429503917694,
    0.48726557381451135,
    0.0004733223468065262,
    0.0007806774228811264,
    -1.1255964636802673e-05,
    0.010435692965984344,
    7.277354598045349e-05,
    4.583969712257385e-06,
    9.5367431640625e-07,
    0.0002039000391960144,
    0.00019949674606323242,
    0.015646548941731453,
    0.011243434622883797,
    0.0010694749653339386,
    -0.00042147189378738403,
    -0.001042485237121582,
    7.915310561656952e-05,
    -0.0011536143720149994,
    -0.00021073035895824432,
    -0.0009124968200922012,
    0.06538433209061623,
    7.081404328346252e-05
  ],
  "nit": 51,
  "nfev": 1297,
  "njev": 51,
  "status": 0
}