{
  "x": [
    1.0000000000000002,
    -1.4510229057216867e-16,
    -7.47602928526829e-17
  ],
  "fun": 0.12610896202545321,
  "success": true,
  "message": "Optimization terminated successfully",
  "jac": [
    -0.001682184636592865,
    0.002184877172112465,
    0.002037918195128441
  ],
  "nit": 8,
  "nfev": 32,
  "njev": 8,
  "status": 0
}