{
  "x": [
    0.9973135130406464,
    7.197994710392704e-15,
    -2.1280960495593478e-15,
    -3.892627784059632e-14,
    -1.0150140840406408e-14,
    -2.2268827854784328e-14,
    -2.0256830675548373e-15,
    -6.091928727580364e-15,
    4.900544264358431e-15,
    -9.949482476969073e-15,
    5.598185642287122e-15,
    7.384709910259456e-15,
    -3.552044014051095e-16,
    0.002686486958599853,
    -4.1135794165357245e-14
  ],
  "fun": -0.9948869697572135,
  "success": true,
  "message": "Optimization terminated successfully",
  "jac": [
    -0.0002459287643432617,
    0.00023984909057617188,
    0.00907861441373825,
    0.0008422806859016418,
    0.004025675356388092,
    0.0016435757279396057,
    0.007588550448417664,
    0.005958907306194305,
    0.00023680180311203003,
    0.004569880664348602,
    0.00024930387735366827,
    0.000252746045589447,
    0.0619124099612236,
    0.0031559616327285767,
    0.0012723878026008606
  ],
  "nit": 28,
  "nfev": 450,
  "njev": 28,
  "status": 0
}