{
  "x": [
    6.990848959988118e-05,
    2.8979540133556623e-05,
    1.1122240190361022e-05,
    6.758644220641206e-06,
    1.9780099477223673e-05,
    2.2087759944218408e-05,
    9.76121073546698e-07,
    6.933481108786566e-05,
    0.0008129749926664899,
    0.00029925619666390654,
    4.793569440407183e-05,
    3.8087569328992113e-06,
    -7.437096027076522e-10,
    0.0008344282786939932,
    3.7254480338737175e-05,
    3.764092453339986e-05,
    0.4211202458367192
  ],
  "fun": -0.37074843526814516,
  "success": false,
  "message": "Iteration limit reached",
  "jac": [
    1.681693259626627,
    -6.3592173755168915,
    -5.249154642224312,
    4.069338370114565,
    -25.34873279184103,
    16.123046275228262,
    8.836551625281572,
    -0.23926328495144844,
    0.28484706580638885,
    0.9480358026921749,
    4.869124799966812,
    6.925253912806708,
    25.4106576256454,
    -0.15303919091820717,
    -0.7436831295490265,
    1.1040588729083538,
    -0.0002475827932357788
  ],
  "nit": 100,
  "nfev": 1900,
  "njev": 100,
  "status": 9
}