{
  "x": [
    -1.2887585048804225e-16,
    -8.190780091051357e-17,
    0.010323234560044893,
    0.14971879210843286,
    0.011042601311319988,
    -1.7075430884702154e-16,
    0.33107762676852065,
    -1.2767097697223486e-16,
    0.19339197247531276,
    0.11275393277247964,
    0.004342243018813216,
    0.1873495969850762
  ],
  "fun": -0.10155838745150109,
  "success": true,
  "message": "Optimization terminated successfully",
  "jac": [
    0.5692419717088342,
    0.013284084387123585,
    1.1224299669265747e-05,
    -9.541399776935577e-06,
    -0.0008011488243937492,
    0.14424834679812193,
    -5.667097866535187e-06,
    0.10452871676534414,
    0.0003539137542247772,
    -0.00047721248120069504,
    0.00011280272156000137,
    -0.0006225146353244781
  ],
  "nit": 15,
  "nfev": 197,
  "njev": 15,
  "status": 0
}