{
  "x": [
    0.03603962117492643,
    0.08895412816734563,
    -3.751886887669136e-16,
    0.015441463987403642,
    0.2327429077482627,
    -1.1709190536602384e-16,
    0.03987904733911949,
    0.027339681547537298,
    -1.361070954597044e-16,
    0.00254785860808613,
    0.4380187660815115,
    0.11903652534580737
  ],
  "fun": -0.11386133510065277,
  "success": true,
  "message": "Optimization terminated successfully",
  "jac": [
    -0.0008950261399149895,
    -0.0005472525954246521,
    0.49866211600601673,
    -0.001256450079381466,
    -0.0003528669476509094,
    0.054547298699617386,
    -0.0002242075279355049,
    1.1723488569259644e-05,
    0.03267887979745865,
    0.0003904541954398155,
    -0.00041358359158039093,
    -0.00016728509217500687
  ],
  "nit": 14,
  "nfev": 186,
  "njev": 14,
  "status": 0
}