{
  "x": [
    0.0030718588769759986,
    -2.2009214155900924e-13,
    0.00035960973362079973,
    0.00022513253675155882,
    0.011289925313497517,
    0.0007916886229359163,
    -8.382334962362623e-13,
    6.475428569162095e-05,
    -2.1068442665498395e-12,
    0.0014272316213893522,
    -2.4223654313746196e-13,
    0.2337245520692379,
    0.0008103292923349126
  ],
  "fun": -0.05647518136265661,
  "success": true,
  "message": "Optimization terminated successfully",
  "jac": [
    0.0031327148899435997,
    3.9927506782114506,
    0.07627419754862785,
    0.008849395904690027,
    -0.002711242064833641,
    -0.001985263079404831,
    15.209516990929842,
    0.0025062356144189835,
    0.371042113751173,
    0.00044989120215177536,
    4.415568545926362,
    -6.95372000336647e-06,
    0.0013216286897659302
  ],
  "nit": 74,
  "nfev": 1062,
  "njev": 71,
  "status": 0
}