{
  "x": [
    0.007819620521278516,
    0.021277521264273375,
    0.11834177700904502,
    0.001637249267299498,
    0.11942343849513885,
    0.14466398679672038,
    0.1486087013774031,
    1.2578706979273598e-17,
    -2.1524978660197415e-17,
    0.26516367074627895,
    0.17306403452256242
  ],
  "fun": -0.13729022493554935,
  "success": true,
  "message": "Optimization terminated successfully",
  "jac": [
    -0.0007067695260047913,
    -0.000209784135222435,
    -0.00038919784128665924,
    -0.000491088256239891,
    -0.0006198249757289886,
    -0.0005715712904930115,
    -0.0006606299430131912,
    0.04171826131641865,
    0.000327233225107193,
    -0.0006270371377468109,
    -0.0003995131701231003
  ],
  "nit": 20,
  "nfev": 241,
  "njev": 20,
  "status": 0
}