{
  "x": [
    0.014972520364192013,
    0.0019496395903846235,
    0.00023200238223934234,
    0.00041329789772539063,
    0.21753247807838552,
    0.21753247807819198
  ],
  "fun": -0.2500231322288575,
  "success": true,
  "message": "Optimization terminated successfully",
  "jac": [
    0.009740971028804779,
    -0.06030728667974472,
    -0.026360198855400085,
    0.012609481811523438,
    -2.0075589418411255e-05,
    -2.0075589418411255e-05
  ],
  "nit": 57,
  "nfev": 437,
  "njev": 56,
  "status": 0
}