{
  "x": [
    0.125041188208259,
    0.255642183411828,
    9.251870448737052e-18,
    0.38584970449890527,
    0.04715847718053746,
    2.180534540370613e-18,
    0.17806769451616472,
    0.008240752184305406,
    2.5153490401663006e-17
  ],
  "fun": -0.1340459604811419,
  "success": true,
  "message": "Optimization terminated successfully",
  "jac": [
    -0.00038620829582214355,
    -0.00045053474605083466,
    0.02479495853185654,
    2.5395303964614868e-05,
    -0.0010143797844648361,
    0.008178530260920525,
    -0.000659305602312088,
    -0.0008008591830730438,
    0.02121150493621826
  ],
  "nit": 15,
  "nfev": 151,
  "njev": 15,
  "status": 0
}