{
  "x": [
    0.0001946439748864831,
    -1.8065039882419508e-14,
    0.004342329415225888,
    0.0009399366494920081,
    0.003565770227115578,
    0.0006630658268915584,
    0.0007523255018305417,
    0.0058663593406545885,
    0.001565532633244667,
    0.0018441301933296043,
    0.002936553576297472,
    0.003242020829256608,
    0.0027718235775079396
  ],
  "fun": -0.6322163104559865,
  "success": true,
  "message": "Optimization terminated successfully",
  "jac": [
    -0.044613659381866455,
    0.0931386947631836,
    0.14933469891548157,
    1.2060565575957298,
    -0.10352165997028351,
    1.5000117793679237,
    0.5087889060378075,
    0.022828496992588043,
    -0.11214704811573029,
    -0.608984112739563,
    0.040120698511600494,
    -0.061660394072532654,
    -0.3474349081516266
  ],
  "nit": 55,
  "nfev": 821,
  "njev": 55,
  "status": 0
}