{
  "x": [
    -7.844419562878303e-14,
    0.007603780654965968,
    0.03441587911559372,
    3.375819589146456e-13,
    0.014001988744518504,
    -4.2799976712253477e-14,
    0.6899462466912322,
    0.01779267933152419,
    -3.83458343265444e-13,
    0.0343333879510555,
    0.06646595267701129,
    0.06652167692808085
  ],
  "fun": -0.16430385031739458,
  "success": true,
  "message": "Optimization terminated successfully",
  "jac": [
    0.5148740354925394,
    -0.0020133312791585922,
    -0.00022580847144126892,
    0.0007965210825204849,
    0.0034884195774793625,
    1.6148668136447668,
    -0.00011437945067882538,
    0.00019354186952114105,
    1.343724587932229,
    -0.003202548250555992,
    0.00019029900431632996,
    0.00019046105444431305
  ],
  "nit": 42,
  "nfev": 563,
  "njev": 42,
  "status": 0
}