{
  "x": [
    -1.1906203254641084e-14,
    -6.3262396276509474e-15,
    0.04914544244250584,
    0.030976823235135863,
    0.2035107969793257,
    -5.709341568368594e-15,
    -5.353143875907779e-15,
    0.5083339644816282,
    0.18409529501379088,
    0.023937677847513016,
    -6.558084103106316e-15
  ],
  "fun": -0.22905745710905967,
  "success": true,
  "message": "Optimization terminated successfully",
  "jac": [
    1.828960433602333,
    0.9898478668183088,
    -0.003522230312228203,
    -0.0030343644320964813,
    -0.0035440176725387573,
    0.03569321148097515,
    0.0035154521465301514,
    -0.003523530438542366,
    -0.003396129235625267,
    -0.00430397130548954,
    0.029771853238344193
  ],
  "nit": 12,
  "nfev": 146,
  "njev": 12,
  "status": 0
}