{
  "x": [
    1.6111346608832846e-11,
    0.010153646536990251,
    0.29294842676508137,
    0.3042524855156969,
    7.430889837947842e-13,
    0.2678821349198767,
    -1.4249951694875825e-12,
    6.363600937492264e-12,
    1.974681538922968e-12,
    0.04819912850929149,
    -2.7857565611020277e-12,
    0.030489035228283612,
    9.046587260132825e-13,
    0.01735088192337352
  ],
  "fun": -0.05867519410014125,
  "success": true,
  "message": "Optimization terminated successfully",
  "jac": [
    0.172242337372154,
    0.005300335120409727,
    -0.0004061763174831867,
    0.0002105236053466797,
    0.022214014548808336,
    -0.0001496691256761551,
    0.02940656337887049,
    0.003249424509704113,
    0.007157905958592892,
    -0.0003354237414896488,
    0.023834948427975178,
    0.0012631835415959358,
    0.1023341822437942,
    1.7231330275535583e-05
  ],
  "nit": 20,
  "nfev": 309,
  "njev": 20,
  "status": 0
}