{
  "x": [
    8.914681778382758e-16,
    0.09880247708142731,
    0.09630850336638076,
    0.15675760999467978,
    0.15326114698189677,
    0.09622892803718706,
    0.20563622865463102,
    0.043379171436836096,
    0.14962593444696015,
    -2.9109964263863254e-17
  ],
  "fun": -0.11963843898567637,
  "success": true,
  "message": "Optimization terminated successfully",
  "jac": [
    0.0008798893541097642,
    -0.0006792442873120308,
    -0.000275440514087677,
    -0.0003824038431048393,
    -0.00021428149193525314,
    -0.00038149580359458923,
    -0.0005482826381921768,
    -0.00028698425740003586,
    -0.0006122924387454987,
    0.05742107983678579
  ],
  "nit": 13,
  "nfev": 143,
  "njev": 13,
  "status": 0
}