{
  "x": [
    0.0008867789834702036,
    0.0006144637278041716,
    0.0001302995940799823,
    0.0003358336075948758,
    0.00012020143133535492,
    2.6932672060515997e-14,
    -2.519261669723422e-14
  ],
  "fun": -0.048020097919583955,
  "success": true,
  "message": "Optimization terminated successfully",
  "jac": [
    -0.02566235465928912,
    0.023428810760378838,
    0.030711804050952196,
    0.019035457633435726,
    0.0606779009103775,
    8.934751098044218,
    0.036012818571180105
  ],
  "nit": 81,
  "nfev": 712,
  "njev": 81,
  "status": 0
}