{
  "x": [
    -1.0676376213057537e-16,
    -3.0085411503091935e-16,
    -7.287043327759948e-17,
    0.3375367840436678,
    0.5526780386423917
  ],
  "fun": -0.23352102514911288,
  "success": true,
  "message": "Optimization terminated successfully",
  "jac": [
    0.07051964662969112,
    0.650469746440649,
    0.4522096049040556,
    3.308616578578949e-05,
    -7.191672921180725e-06
  ],
  "nit": 13,
  "nfev": 82,
  "njev": 13,
  "status": 0
}