{
  "x": [
    -3.7674994368651727e-13,
    0.000735350349847897,
    -7.448660250841155e-14,
    0.28392162946414173,
    0.11027400357541736,
    -6.126948939581871e-14,
    0.259111932050224,
    0.2597504237999318,
    -7.283744318747576e-13,
    -3.301064801769907e-14,
    0.08620666076247004,
    -6.253290769858106e-14,
    -6.822986915009624e-14,
    -3.0358770238588434e-13,
    -3.5257234280312894e-13
  ],
  "fun": -0.07782790339908098,
  "success": true,
  "message": "Optimization terminated successfully",
  "jac": [
    0.0033580921590328217,
    -0.0016968054696917534,
    2.437168912962079,
    -0.0007287729531526566,
    -0.0006806645542383194,
    0.025280769914388657,
    -0.0007363148033618927,
    -0.0007425015792250633,
    0.018854537047445774,
    0.07964609377086163,
    -0.00036884285509586334,
    0.045709564350545406,
    0.8320102049037814,
    0.0047818198800086975,
    0.0006986735388636589
  ],
  "nit": 13,
  "nfev": 211,
  "njev": 13,
  "status": 0
}