{
  "x": [
    5.4468443211331704e-05,
    0.00011654728438339783,
    4.785052254918923e-05,
    0.0001332793532134605,
    -4.1345572658072204e-16,
    0.015528465557122161,
    0.00013091852785488146,
    0.00014868339946045035,
    6.15593011513943e-06
  ],
  "fun": -0.43399650619389407,
  "success": false,
  "message": "Iteration limit reached",
  "jac": [
    13.348785310983658,
    5.926962174475193,
    -3.4708505496382713,
    1.0815864503383636,
    0.254449687898159,
    0.0004927664995193481,
    3.65281018987298,
    -11.658769816160202,
    25.072166983038187
  ],
  "nit": 100,
  "nfev": 1070,
  "njev": 99,
  "status": 9
}