{
  "x": [
    0.005975643804676,
    0.013465995514717376,
    0.010565413410495503,
    0.0016990778363937978,
    6.865628611760007e-10,
    0.7806821401694869,
    0.010908899563983953,
    1.3308717935682145e-09,
    1.3333555591696198e-09,
    0.004447550096043746,
    0.016779264847821128,
    4.683593595484254e-05,
    0.003458238520924229,
    0.000944382673169272,
    0.13681292196023898
  ],
  "fun": -0.09670705464407418,
  "success": true,
  "message": "Optimization terminated successfully",
  "jac": [
    0.009985939599573612,
    0.024079371243715286,
    -0.004084915854036808,
    -0.005208374001085758,
    0.03728094696998596,
    -0.00023959390819072723,
    -0.012054983526468277,
    0.07501025684177876,
    0.06823984906077385,
    0.007211006246507168,
    -0.0014078235253691673,
    0.04836721997708082,
    -0.019179705530405045,
    0.031982140615582466,
    9.687617421150208e-05
  ],
  "nit": 39,
  "nfev": 654,
  "njev": 39,
  "status": 0
}