{
  "x": [
    0.0006808676695559502,
    0.0014386137583535749,
    0.0003036833179094048,
    0.0005722361520329424,
    1.5466123843882624e-09,
    0.00015996615702158111,
    0.00047475851911156475,
    2.476853281407434e-09,
    0.00022285128993534568,
    0.00023281984930550155,
    0.0012961671094710507,
    0.00027317084388207835,
    9.49634387073374e-06,
    0.00024058901657780194,
    0.00020019096965316773
  ],
  "fun": -0.2650220913837782,
  "success": false,
  "message": "Iteration limit reached",
  "jac": [
    -0.01717979460954666,
    0.0012505874037742615,
    0.25716882571578026,
    0.028427138924598694,
    1.4215533770620823,
    -0.09757306054234505,
    0.07482752203941345,
    8.07117870077491,
    0.19464918971061707,
    0.3241000100970268,
    0.04286384582519531,
    0.09827326610684395,
    -1.6581297852098942,
    0.2700076326727867,
    -0.4300036169588566
  ],
  "nit": 100,
  "nfev": 1689,
  "njev": 99,
  "status": 9
}