{
  "x": [
    0.000797382099603414,
    0.0005619505295222998,
    0.0003642056119610118,
    0.0004940841984291569,
    0.0007979811943371523,
    0.0006115061355541776,
    0.00037231306087587106,
    0.00021456254261089546,
    0.29783753949625724,
    0.2976678364975504,
    0.29795993768853146
  ],
  "fun": -0.4567236043579935,
  "success": true,
  "message": "Optimization terminated successfully",
  "jac": [
    -0.4924458675086498,
    1.579926859587431,
    0.17528343573212624,
    0.3807452842593193,
    -0.19614022225141525,
    0.27384698390960693,
    0.7829251326620579,
    3.0481799095869064,
    -0.0008981078863143921,
    -0.0008975006639957428,
    -0.0008985511958599091
  ],
  "nit": 54,
  "nfev": 702,
  "njev": 51,
  "status": 0
}