{
  "x": [
    0.016407927405790435,
    0.22417319237908542,
    0.000575466050124836,
    0.0001222527891671445,
    0.0005496658402813448,
    0.0004912048431364024,
    0.00039548689519097225,
    0.0004209219417167222,
    3.800012264589205e-17,
    0.0006051705350614607,
    0.0024248424038265694
  ],
  "fun": -0.36438376128069344,
  "success": true,
  "message": "Optimization terminated successfully",
  "jac": [
    0.022010602056980133,
    -1.2323260307312012e-05,
    -0.03517131879925728,
    0.08482679352164268,
    0.061405740678310394,
    0.17456115409731865,
    -0.27278711646795273,
    0.08906610682606697,
    0.1611557900905609,
    0.06718012318015099,
    -0.17578048631548882
  ],
  "nit": 70,
  "nfev": 897,
  "njev": 70,
  "status": 0
}