{
  "x": [
    0.00790549448499171,
    0.004654111643814081,
    3.694498081381965e-16,
    0.03132084977326538,
    0.004214810706176796,
    0.12112819549686518,
    -7.126501549139566e-16,
    0.1211284257947022,
    -2.6667006480970896e-14,
    0.12112835079688061,
    0.12112834370476074,
    0.12112835245535149,
    0.12112835141328132,
    0.1211283400871495,
    0.010978765718729773
  ],
  "fun": -0.17246962414428835,
  "success": true,
  "message": "Optimization terminated successfully",
  "jac": [
    -0.01037033461034298,
    0.007220204919576645,
    0.16182348877191544,
    0.0010000430047512054,
    -0.0010254550725221634,
    2.6170164346694946e-05,
    1.2201459594070911,
    2.6170164346694946e-05,
    0.10500801540911198,
    2.6170164346694946e-05,
    2.6170164346694946e-05,
    2.6170164346694946e-05,
    2.6170164346694946e-05,
    2.6170164346694946e-05,
    -0.0026419609785079956
  ],
  "nit": 36,
  "nfev": 598,
  "njev": 36,
  "status": 0
}