{
  "x": [
    0.0014873633524741534,
    0.004786774799871111,
    0.00143892048734609,
    0.006069834897554834,
    -1.2910891962515523e-17,
    -6.235840043117932e-17,
    0.016246638580936584,
    0.006655610574716954,
    0.020038336597401764,
    0.005826518366259304,
    -3.791506301251734e-18,
    0.005167870566130811,
    0.0034496841295577458,
    0.025173158476189995,
    1.2427284931300675e-17,
    0.0019851990762734693,
    0.02255881210107894,
    0.22413680465857405,
    0.43370554236312253,
    0.17933429418644364,
    0.03463593489857132,
    -6.540559666776379e-18
  ],
  "fun": -0.23485641187567985,
  "success": true,
  "message": "Optimization terminated successfully",
  "jac": [
    0.012035949155688286,
    -0.006158085539937019,
    -0.0025007259100675583,
    0.002752324566245079,
    0.09132177755236626,
    0.041843751445412636,
    0.0004174690693616867,
    -0.0027796532958745956,
    -0.00021360814571380615,
    0.0066351257264614105,
    0.9472237415611744,
    -0.005844620987772942,
    0.002263607457280159,
    9.584613144397736e-05,
    0.16422826237976554,
    -0.0016072914004325867,
    0.00012023746967315674,
    -0.00023248419165611267,
    5.7172030210494995e-05,
    2.637133002281189e-05,
    0.00046871043741703033,
    0.04951081797480583
  ],
  "nit": 59,
  "nfev": 1394,
  "njev": 59,
  "status": 0
}