{
  "x": [
    0.14546392469760405,
    1.5523433380651758e-18,
    0.05696396858965822,
    0.1072335481677754,
    0.08190165617344723,
    0.11584144354236721,
    0.379802534829125,
    0.048224160754013735,
    0.06456876324600914
  ],
  "fun": -0.3297965986005789,
  "success": true,
  "message": "Optimization terminated successfully",
  "jac": [
    -0.00045900046825408936,
    0.04909449815750122,
    -0.00025968626141548157,
    -8.935481309890747e-05,
    -0.0002962648868560791,
    -0.0003534182906150818,
    -0.0005074366927146912,
    -0.0007919035851955414,
    -0.0008259713649749756
  ],
  "nit": 9,
  "nfev": 91,
  "njev": 9,
  "status": 0
}