{
  "x": [
    0.2030640643907567,
    0.13762881343183708,
    -1.478402198605966e-18,
    0.09262704508362629,
    0.09449884603875695,
    0.06087988439340543,
    0.07927072983984954,
    0.07647423326240178,
    0.01850387777065101,
    2.6820604160195807e-17,
    0.23705250578871526
  ],
  "fun": -0.2637328195423421,
  "success": true,
  "message": "Optimization terminated successfully",
  "jac": [
    -0.0012702234089374542,
    -0.0014134719967842102,
    0.21627851575613022,
    -0.0017466768622398376,
    -0.0018571726977825165,
    -0.0013498365879058838,
    -0.0017615705728530884,
    -0.0014879554510116577,
    -0.0009160898625850677,
    0.20152199640870094,
    -0.0011860430240631104
  ],
  "nit": 20,
  "nfev": 244,
  "njev": 20,
  "status": 0
}