{
  "x": [
    0.006756121241474421,
    0.010500787314040638,
    0.04398800993516417,
    0.15534843994358105,
    0.4609432806426891,
    -7.046588521900993e-19,
    0.03558195973334072,
    0.008997467224204019,
    0.011240828970987982,
    0.04421500626423937,
    0.03837604866568491
  ],
  "fun": -0.1834517406639435,
  "success": true,
  "message": "Optimization terminated successfully",
  "jac": [
    -0.004194093868136406,
    0.0004016812890768051,
    0.0003282874822616577,
    -6.255693733692169e-05,
    0.0003775954246520996,
    0.029522374272346497,
    0.0001764148473739624,
    0.00043622590601444244,
    0.002244889736175537,
    0.0004154816269874573,
    0.00018291547894477844
  ],
  "nit": 24,
  "nfev": 305,
  "njev": 24,
  "status": 0
}