{
  "x": [
    0.0001355160466817836,
    0.00035708452867947745,
    0.0005398988152681171,
    -1.1455087610381366e-17,
    0.0003197225488735191,
    0.00036016132675452547,
    0.0002885354427406354,
    0.0002964943326304781,
    1.3874923812322995e-05,
    0.0007875451443772432
  ],
  "fun": -0.633818820775098,
  "success": false,
  "message": "Iteration limit reached",
  "jac": [
    0.2726486399769783,
    0.09004653245210648,
    0.4321158677339554,
    -0.008533187210559845,
    -0.02633918821811676,
    0.14668896794319153,
    -0.14678072184324265,
    0.16240643709897995,
    -13.767748408019543,
    -0.06544111669063568
  ],
  "nit": 100,
  "nfev": 1191,
  "njev": 100,
  "status": 9
}