{
  "x": [
    9.592122332681558e-14,
    5.035913859599537e-12,
    0.11051932986093994,
    1.204728810972695e-12,
    0.07486406543604744,
    0.14278553397007093,
    4.261091766359614e-12,
    1.3976831675538111e-13,
    4.2884845037269015e-14,
    2.717325185638501e-13,
    7.609037921101255e-12,
    2.1904034761713463e-12,
    0.12957495903066543,
    1.3545867603705553e-13,
    3.805463506901055e-13,
    0.015141965440203757,
    0.14174838263804815,
    2.4382701827033014e-13,
    0.2508019396573852,
    0.13456382394840408,
    7.19064014149256e-12
  ],
  "fun": -0.06214795207717142,
  "success": true,
  "message": "Optimization terminated successfully",
  "jac": [
    0.06218150397762656,
    0.04948290530592204,
    -0.0006718477234244347,
    0.019419199787080288,
    -0.0006269235163927078,
    -0.0010698200203478336,
    0.20475366339087486,
    0.3383531016297639,
    0.02121819742023945,
    0.9139299034141004,
    0.5381301655434072,
    7.643338670954109,
    -0.0005197599530220032,
    0.34787803515791893,
    1.2089930502697828,
    -0.0005520274862647057,
    -0.0006090528331696987,
    0.7787492503412068,
    -0.0008155046962201595,
    -0.0005558840930461884,
    25.33885814109817
  ],
  "nit": 39,
  "nfev": 837,
  "njev": 38,
  "status": 0
}