{
  "x": [
    0.18310218078990267,
    0.010725156888342668,
    3.721102638026263e-05,
    0.00305195065090702,
    0.002126685895680656,
    0.008786622281521288,
    -4.39909415710578e-11,
    0.007149242416024441,
    -2.424123076278915e-10,
    0.030422502430322976,
    -9.417408070697474e-11,
    -2.0410701978909703e-10,
    0.18272620504335083
  ],
  "fun": -0.04993274072670935,
  "success": true,
  "message": "Optimization terminated successfully",
  "jac": [
    2.668006345629692e-05,
    -0.004372894763946533,
    0.020351876970380545,
    -0.0007463102228939533,
    0.014469086658209562,
    -0.0022405143827199936,
    7.123238175176084,
    0.00025880010798573494,
    2.1414698283188045,
    -9.487895295023918e-05,
    8.816287860274315,
    0.8004526859149337,
    2.6604626327753067e-05
  ],
  "nit": 57,
  "nfev": 828,
  "njev": 57,
  "status": 0
}