{
  "x": [
    -8.287734917780197e-10,
    3.7471764623820083e-06,
    6.387846505352496e-06,
    2.651390055946038e-05,
    -9.448104286743911e-05,
    1.630443857088471e-05,
    9.952848589446556e-06,
    2.5473149538167707e-06,
    2.3339478340559685e-05,
    1.3217712691962006e-05
  ],
  "fun": -0.183660082144224,
  "success": false,
  "message": "Iteration limit reached",
  "jac": [
    1619.1054029911757,
    74.41117800958455,
    25.04820259474218,
    -6.61825393512845,
    1.2889488264918327,
    4.822583094239235,
    67.7277562636882,
    11.039191411808133,
    -37.78820054233074,
    6.209682911634445
  ],
  "nit": 100,
  "nfev": 1233,
  "njev": 99,
  "status": 9
}