{
  "x": [
    0.12011130792841457,
    0.11894284525517729,
    0.00012553279010554003,
    0.1201817611992097,
    0.0049894659969083235,
    0.028378714795362716,
    0.023153029601797083,
    0.02874699391670627,
    0.012853402405980239,
    0.015069809426703518,
    -2.6614257111125794e-08,
    0.09149000200549982,
    0.014230236871354883,
    0.00041964520513273584,
    -1.6102635958284446e-07,
    0.04832735146470829
  ],
  "fun": -0.12905362247145408,
  "success": true,
  "message": "Optimization terminated successfully",
  "jac": [
    -0.0010856688022613525,
    0.007736215367913246,
    -0.21627197228372097,
    -0.0010867565870285034,
    -0.009049160405993462,
    -0.00455547496676445,
    6.106682121753693e-05,
    -0.00532696396112442,
    -0.00016619637608528137,
    0.01764848083257675,
    1.8740110266953707,
    0.006350511685013771,
    -0.0037574414163827896,
    0.004661932587623596,
    0.01907236874103546,
    -0.0003064274787902832
  ],
  "nit": 36,
  "nfev": 624,
  "njev": 35,
  "status": 0
}