{
  "x": [
    0.15268841520881798,
    -1.5897374130508962e-16,
    0.4491543699298285,
    0.12669877465035997,
    -6.282949634097575e-17,
    0.09198108300448633,
    0.08694051035442074,
    0.023340521204631162,
    0.02809110873099536,
    0.04110521691646009
  ],
  "fun": -0.20564514372686551,
  "success": true,
  "message": "Optimization terminated successfully",
  "jac": [
    -0.0005440413951873779,
    0.008446788415312767,
    -0.00033211149275302887,
    -0.00030793435871601105,
    0.21901774406433105,
    -8.12280923128128e-05,
    0.0002303551882505417,
    -0.0005044396966695786,
    -0.0003264695405960083,
    0.00026749633252620697
  ],
  "nit": 16,
  "nfev": 177,
  "njev": 16,
  "status": 0
}