{
  "x": [
    0.025286498111441937,
    0.006350349550321553,
    6.063349708942864e-17,
    0.006032029679330588,
    3.5537679488835974e-17,
    0.007221987803478824,
    0.7333297006954936,
    0.14443028552715598,
    0.07713442481490465
  ],
  "fun": -0.2235041254781528,
  "success": true,
  "message": "Optimization terminated successfully",
  "jac": [
    0.0019209962338209152,
    0.00021847523748874664,
    0.2245262898504734,
    -0.000971699133515358,
    0.2869829908013344,
    0.0016297809779644012,
    9.02954488992691e-05,
    -0.0005042068660259247,
    -4.6836212277412415e-05
  ],
  "nit": 12,
  "nfev": 126,
  "njev": 12,
  "status": 0
}