{
  "x": [
    0.19045642126513415,
    0.05966058376531872,
    0.3202763630025706,
    -1.4221869592412977e-17,
    -4.060035165133543e-18,
    0.1247468891947869,
    0.14546800660874776,
    0.0708278357439225,
    0.03894248182138233,
    0.04962141859813705,
    -5.202627593625976e-18
  ],
  "fun": -0.09293449539184034,
  "success": true,
  "message": "Optimization terminated successfully",
  "jac": [
    -0.000431290827691555,
    -8.657947182655334e-05,
    -0.0004559643566608429,
    0.03901814855635166,
    0.015377518720924854,
    -7.4019655585289e-05,
    -0.00019549205899238586,
    -6.121862679719925e-05,
    0.0006325952708721161,
    0.00023800227791070938,
    0.01154918223619461
  ],
  "nit": 14,
  "nfev": 169,
  "njev": 14,
  "status": 0
}