{
  "x": [
    2.3598080627252182e-05,
    4.634553531393387e-05,
    3.079498495958519e-05,
    9.250816266027769e-05,
    1.7649257285895625e-05,
    0.00012176855759140496,
    2.252328896269763e-05,
    3.448326687874937e-05,
    6.338221231852025e-05,
    0.49969697260688384,
    0.4996969737441903
  ],
  "fun": -0.4059904290345503,
  "success": false,
  "message": "Iteration limit reached",
  "jac": [
    54.23009831830859,
    3.2128975093364716,
    4.375000033527613,
    -6.476652521640062,
    7.9363081231713295,
    -0.5780174620449543,
    -2.595999591052532,
    0.479217991232872,
    -10.603076718747616,
    -0.00013599544763565063,
    -0.00013608112931251526
  ],
  "nit": 100,
  "nfev": 1299,
  "njev": 100,
  "status": 9
}