{
  "x": [
    8.401795060030911e-13,
    0.2996972996910184,
    0.04397397406552,
    0.07484578591026712,
    3.126353958517404e-12,
    0.52584188475565,
    0.007690064837576322,
    0.03180913278319262,
    0.015960704333450704,
    0.0001811536147940674,
    -1.3528829207083704e-13,
    9.056158070496582e-13,
    2.826404000069859e-12
  ],
  "fun": -0.08849619062022955,
  "success": true,
  "message": "Optimization terminated successfully",
  "jac": [
    0.04053569212555885,
    -0.0008536865934729576,
    -0.000715489499270916,
    -0.0006879307329654694,
    0.26035006809979677,
    -0.0009022513404488564,
    -0.002397594042122364,
    -0.00045576971024274826,
    -0.001645485870540142,
    -0.0022234460338950157,
    0.0033913133665919304,
    2.3992678858339787,
    0.18948759045451882
  ],
  "nit": 31,
  "nfev": 442,
  "njev": 31,
  "status": 0
}