{
  "x": [
    2.58703296007631e-16,
    -4.270519246605646e-17,
    0.025909219935946973,
    0.07665895211703394,
    -6.387036064641613e-17,
    -1.8257361993750844e-17,
    0.3582384386272859,
    0.007384706499507975,
    -1.3999409797567357e-16,
    0.005268903755200431,
    -1.5692801203557545e-16,
    0.026706728994259854,
    -7.630694105683989e-20,
    0.0372015158754029,
    0.17844083985962128,
    -1.2628791686638971e-16,
    0.2841906943357414,
    -6.551496763134373e-17
  ],
  "fun": -0.189354942874402,
  "success": true,
  "message": "Optimization terminated successfully",
  "jac": [
    0.0006169993430376053,
    0.057692790403962135,
    -0.0002804771065711975,
    -0.00028684549033641815,
    0.13768784143030643,
    0.20709796994924545,
    -8.940137922763824e-05,
    -2.611614763736725e-05,
    0.5814824625849724,
    0.0007438510656356812,
    0.017966734245419502,
    -0.00016338005661964417,
    0.026309138163924217,
    -0.0002495329827070236,
    -8.874759078025818e-05,
    0.010988118126988411,
    -9.395554661750793e-05,
    9.340420365333557e-05
  ],
  "nit": 22,
  "nfev": 420,
  "njev": 22,
  "status": 0
}