{
  "x": [
    0.003179339140990955,
    8.38792373005539e-10,
    0.25206523921709106,
    0.001242753037404165,
    8.449389191239049e-11,
    0.0008600392765045011
  ],
  "fun": -0.11450882194689731,
  "success": true,
  "message": "Optimization terminated successfully",
  "jac": [
    -0.0033735977485775948,
    371.88891792204237,
    8.39773565530777e-06,
    0.032609409652650356,
    37.65317026991397,
    -0.04816531203687191
  ],
  "nit": 48,
  "nfev": 357,
  "njev": 45,
  "status": 0
}