{
  "x": [
    0.00016915085006497915,
    -5.8777330674647505e-08,
    0.9361898942566959,
    1.5864780994187124e-05,
    1.2798759736141338e-05,
    1.1314201433700046e-05,
    1.8190295056827756e-05,
    7.941019559304652e-06,
    0.00010436196855915723,
    1.4437651156078152e-05,
    2.252168404549087e-05,
    3.726605294578658e-05
  ],
  "fun": -0.23663231329321235,
  "success": false,
  "message": "Iteration limit reached",
  "jac": [
    0.7483388055115938,
    887.7593136653304,
    -8.031167089939117e-05,
    1.3272999357432127,
    -6.229538215324283,
    3.3738046791404486,
    -2.6213904302567244,
    11.112743128091097,
    1.901396419852972,
    6.1561290342360735,
    -8.144399041309953,
    0.009727437049150467
  ],
  "nit": 100,
  "nfev": 1428,
  "njev": 98,
  "status": 9
}