{
  "x": [
    7.935501172224992e-05,
    3.027391651283569e-05,
    0.00010158846791604653,
    -1.015956168874373e-08,
    3.0148712323061172e-05,
    7.974710107219371e-05,
    8.702651184405679e-05,
    5.726036852944793e-05,
    1.0741191547276525e-05,
    1.5796364224914364e-05,
    1.6269724696828032e-05,
    -1.3267058013146432e-08,
    0.30675033538362817,
    5.514587340987082e-07
  ],
  "fun": -0.27874032213095523,
  "success": false,
  "message": "Iteration limit reached",
  "jac": [
    0.9140257984399796,
    -3.6040238216519356,
    -1.2707176357507706,
    62.372268702834845,
    -1.4192724227905273,
    2.5282807648181915,
    -0.12299934029579163,
    2.4208188615739346,
    8.96321813762188,
    0.8698002211749554,
    -3.3761342614889145,
    194.5985074453056,
    -0.00012384727597236633,
    3.758860055357218
  ],
  "nit": 100,
  "nfev": 1588,
  "njev": 100,
  "status": 9
}