{
  "x": [
    0.12266844475874442,
    0.0071383909850373075,
    5.940635881749393e-17,
    0.010688345058406417,
    0.007069337238836064,
    -3.213734912000013e-17,
    2.4268998967565988e-17,
    -2.0626809977277536e-17,
    0.5138426770637841,
    1.2384212963677396e-17,
    -5.08936954362601e-19,
    -2.5953363298732162e-17,
    0.23794168575085012,
    0.023888396522867908,
    0.009981111823143023,
    5.494763874417899e-17,
    0.00845099864182914,
    -4.343218126306948e-18,
    0.05833061215650159,
    4.5493675553767516e-17,
    -5.889847550288661e-18
  ],
  "fun": -0.06149159021136319,
  "success": true,
  "message": "Optimization terminated successfully",
  "jac": [
    -0.0007643355056643486,
    0.0007502161897718906,
    0.0006490717642009259,
    -0.00102704344317317,
    -0.0006912923417985439,
    0.02439603442326188,
    0.01006844500079751,
    0.02009105123579502,
    -0.0007325583137571812,
    0.0006490722298622131,
    0.019773489329963923,
    0.2594453706406057,
    -0.00046502426266670227,
    -0.00041646743193268776,
    -0.0004554460756480694,
    0.11800966784358025,
    -0.0006324835121631622,
    0.0461434181779623,
    -0.0006483304314315319,
    0.0022711558267474174,
    0.11078928643837571
  ],
  "nit": 26,
  "nfev": 575,
  "njev": 26,
  "status": 0
}