{
  "x": [
    1.2187792416777251e-15,
    0.23106802899362705,
    4.4225284901983e-16,
    7.453193541939874e-15,
    0.08339034271718765,
    0.020841299462432735,
    0.6647003288267489,
    1.8565878001641778e-15,
    -1.7004210469790098e-15
  ],
  "fun": -0.029616348458332782,
  "success": true,
  "message": "Optimization terminated successfully",
  "jac": [
    0.22297139232978228,
    -0.00025853165425360203,
    0.010017829947173595,
    0.03472757060080767,
    -0.001254163682460785,
    -0.0005748467519879341,
    -0.0007860234472900629,
    0.0006992078851908445,
    0.0017813120502978563
  ],
  "nit": 17,
  "nfev": 170,
  "njev": 17,
  "status": 0
}