{
  "x": [
    0.0035605514703907497,
    0.003921419038109232,
    0.019186006164913335,
    0.017422792054894685,
    0.03161596600946242,
    0.09670866207727782,
    0.044888777344485396,
    0.09417152991923995,
    0.07495964081208012,
    -2.1358896884251474e-14,
    -1.5807983546550554e-14,
    -2.979267841033255e-14,
    0.08566335462021785,
    0.10053272348812253,
    0.009046105844919574,
    0.12490162417458125,
    -1.2892918008023044e-14,
    0.02317172332864847,
    0.2048449273632215,
    0.06518323782063257,
    0.00022095846887744893,
    -2.6932509579109115e-14
  ],
  "fun": -0.08025967668095078,
  "success": true,
  "message": "Optimization terminated successfully",
  "jac": [
    -0.002380901016294956,
    -0.0027514947578310966,
    -0.0025670845061540604,
    -0.0017163138836622238,
    -0.0022434107959270477,
    -0.0029661552980542183,
    -0.0021445006132125854,
    -0.0025170454755425453,
    -0.0028152549639344215,
    0.2902829721570015,
    0.1525047468021512,
    1.221334230154753,
    -0.0025664586573839188,
    -0.0022746678441762924,
    -0.0023066438734531403,
    -0.0028442712500691414,
    0.029088008217513565,
    -0.002314782701432705,
    -0.00260146614164114,
    -0.0018346868455410004,
    0.00023340526968240738,
    0.8391418429091573
  ],
  "nit": 21,
  "nfev": 492,
  "njev": 21,
  "status": 0
}