{
  "x": [
    0.12136272276998872,
    -2.4558706545699904e-15,
    -2.830721224209949e-16,
    -5.529505908316604e-15,
    0.0045570926327938984,
    0.03200218439662415,
    -2.3103712817075504e-15,
    -4.869139022603426e-16,
    0.010107285968157298,
    0.042407498233501296,
    0.01754378695808037,
    0.15586855278054343,
    0.007381304937741766
  ],
  "fun": -0.07364319484977382,
  "success": true,
  "message": "Optimization terminated successfully",
  "jac": [
    -0.00027059949934482574,
    0.5106852492317557,
    0.06278902664780617,
    0.009375875815749168,
    0.0006330767646431923,
    -6.60046935081482e-05,
    0.9745445661246777,
    0.10408402048051357,
    0.0015680771321058273,
    7.439777255058289e-05,
    0.00044628046452999115,
    4.362314939498901e-06,
    2.7473084628582e-05
  ],
  "nit": 33,
  "nfev": 469,
  "njev": 33,
  "status": 0
}