{
  "x": [
    0.003705701833113506,
    0.05714029830594957,
    0.042171920923605576,
    0.21900491543177672,
    1.7312396960256245e-16,
    0.3528235788101246,
    0.11062825256200125,
    2.4688196359701973e-17,
    0.010436613230155652,
    2.214917578387664e-17,
    3.302774815905538e-17,
    0.01882945147822198,
    0.12753685893069588,
    6.359893761900536e-17,
    4.8065383972147486e-17,
    0.05772240849435514
  ],
  "fun": -0.10196213349038885,
  "success": true,
  "message": "Optimization terminated successfully",
  "jac": [
    -0.0006776778027415276,
    -0.0006113648414611816,
    -0.0004370836541056633,
    -0.0001547597348690033,
    0.14497721195220947,
    -0.0002723885700106621,
    -0.0002767397090792656,
    0.08543629106134176,
    -0.00024343561381101608,
    0.03628180269151926,
    0.06650016736239196,
    -0.0012487852945923805,
    -0.0001291092485189438,
    0.018601771444082264,
    0.005265811458230019,
    -0.0004937667399644852
  ],
  "nit": 23,
  "nfev": 395,
  "njev": 23,
  "status": 0
}