{
  "x": [
    5.434284425265777e-05,
    0.0014391139598684528,
    0.0030837243363448005,
    2.3543968879951947e-05,
    2.761458543736003e-05,
    8.573126156332778e-12,
    5.836351202750038e-06,
    6.413957232438919e-05,
    0.0015076206560979595,
    0.10498077764776328
  ],
  "fun": -0.16819281256677635,
  "success": true,
  "message": "Optimization terminated successfully",
  "jac": [
    -13.668947855010629,
    0.02216442860662937,
    0.029256416484713554,
    -1.783674530684948,
    3.16596045717597,
    74.00909410044551,
    1.074659951031208,
    9.790731769055128,
    0.0016495194286108017,
    -4.1833147406578064e-05
  ],
  "nit": 97,
  "nfev": 1143,
  "njev": 97,
  "status": 0
}