{
  "x": [
    -8.732362894129142e-13,
    -2.613925792120421e-14,
    -2.3757249462051377e-14,
    0.06758617671807457,
    -2.0872749972542028e-14,
    0.35136767509037337,
    -8.147053132371052e-12,
    0.1993143333839967,
    -2.4063146401191188e-14,
    0.2938880033267756,
    0.0486247631525458,
    -5.031437720767005e-14,
    0.006290506269815959,
    -2.084430295928961e-14,
    0.032928542071034024,
    -2.2993559447198427e-14,
    -2.4835139768188448e-14
  ],
  "fun": -0.03327668300234338,
  "success": true,
  "message": "Optimization terminated successfully",
  "jac": [
    1.2580822254531085,
    0.018187930807471275,
    0.025713299866765738,
    0.0002336949110031128,
    0.04856934770941734,
    -0.000159374438226223,
    0.007410227786749601,
    -0.00012960005551576614,
    0.01999783329665661,
    -7.973983883857727e-05,
    -0.0005585192702710629,
    0.38275647768750787,
    0.00037902407348155975,
    0.14141449192538857,
    -0.00035118963569402695,
    0.04255381738767028,
    0.016846810933202505
  ],
  "nit": 21,
  "nfev": 378,
  "njev": 21,
  "status": 0
}