{
  "x": [
    3.3936175793578684e-05,
    0.00013056327836368767,
    0.007615355369980387,
    0.001477621977466999,
    0.003089719299124254,
    0.0012254622443027127,
    0.0007405860115088953,
    0.0007872705835262976,
    0.005613439138816316
  ],
  "fun": -0.5761765961171069,
  "success": true,
  "message": "Optimization terminated successfully",
  "jac": [
    0.16147926449775696,
    1.4354778453707695,
    -0.0631759837269783,
    -0.012131094932556152,
    0.37610363215208054,
    0.04598812013864517,
    -0.07542949914932251,
    0.0031100809574127197,
    0.024145767092704773
  ],
  "nit": 50,
  "nfev": 540,
  "njev": 49,
  "status": 0
}