{
  "x": [
    1.1964135382111889e-11,
    -1.5636242807241268e-13,
    0.002115005970516504,
    -1.3436532357743213e-10,
    0.022543916324363204,
    -1.247515011884481e-12,
    0.04256042166981074,
    0.1908015207249547,
    0.19080176669290272
  ],
  "fun": -0.04727446049418899,
  "success": true,
  "message": "Optimization terminated successfully",
  "jac": [
    165.32085986435413,
    5.403968764934689,
    0.0006161588244140148,
    8.535563121084124,
    -0.0011533712968230247,
    3.0595468431711197,
    0.0003241174854338169,
    7.901806384325027e-06,
    7.901806384325027e-06
  ],
  "nit": 42,
  "nfev": 440,
  "njev": 40,
  "status": 0
}