{
  "x": [
    0.00026903538475620464,
    0.00015225589609549816,
    0.0001688854813947427,
    0.0003600855438747893,
    0.00029977748644947016,
    0.0024465751746816098,
    0.0020940771590987005,
    2.046530780436144e-05,
    0.0011808045905241224,
    0.00036619373322969485,
    0.00048081525177966883,
    0.002381932306684463,
    0.0008165105436387682,
    0.0009608477947950248,
    0.0013165799365689773,
    0.00013757166277547528,
    0.0001622961691630871,
    0.0009054721789499645,
    0.0017467940974995543,
    0.0008476994182049338,
    0.0032323163752652835,
    0.0006432006403008529,
    0.005152803579073655
  ],
  "fun": -0.22980860479921864,
  "success": true,
  "message": "Optimization terminated successfully",
  "jac": [
    0.056999446824193,
    -0.07895541004836559,
    0.08807436935603619,
    -0.006704116240143776,
    0.18530339188873768,
    -0.0008438937366008759,
    -0.0052067432552576065,
    0.008877918124198914,
    -0.013516439124941826,
    0.05031074956059456,
    -0.08188341185450554,
    0.024998605251312256,
    0.011985866352915764,
    -0.012448560446500778,
    0.03309352695941925,
    -0.044425563886761665,
    0.07418188266456127,
    0.026440467685461044,
    0.009484430775046349,
    0.03250426612794399,
    -0.0018264111131429672,
    -0.02088984102010727,
    0.00024484284222126007
  ],
  "nit": 88,
  "nfev": 2195,
  "njev": 88,
  "status": 0
}