{
  "x": [
    0.471199510824621,
    -1.5711158726770162e-08,
    -6.744120570649675e-08,
    0.00020848078135606924,
    9.537892381665858e-05,
    9.758209086746629e-05,
    -7.391435851550376e-09,
    0.0002056879285274097,
    0.4730196630335303,
    0.00032875862691584396
  ],
  "fun": -0.19296714310676227,
  "success": false,
  "message": "Iteration limit reached",
  "jac": [
    -7.44163990020752e-05,
    15.702730735763907,
    108.33542503975332,
    -0.03600398637354374,
    0.21260082721710205,
    0.29477723129093647,
    4.217723775655031,
    0.5756760854274035,
    -7.461197674274445e-05,
    -0.018131230026483536
  ],
  "nit": 100,
  "nfev": 1192,
  "njev": 98,
  "status": 9
}