{
  "x": [
    0.2886033419711544,
    0.001232946096685507,
    0.0008249802579073938,
    0.006555150760049238,
    0.005451584319503109,
    0.002330195838540749,
    0.0012811273485214976,
    0.005059037436951198,
    4.4126677348470834e-05,
    0.0020560559701530094,
    -8.58346868631552e-16,
    -9.982109810883901e-16,
    0.031718087685313805,
    0.03171808768531379
  ],
  "fun": -0.6664775235744828,
  "success": true,
  "message": "Optimization terminated successfully",
  "jac": [
    0.0001712515950202942,
    0.0012445002794265747,
    -0.009516559541225433,
    -0.003802880644798279,
    0.013920240104198456,
    -0.01480197161436081,
    -0.0129174143075943,
    -0.0024123117327690125,
    -0.01891881227493286,
    -0.005237214267253876,
    0.15171407908201218,
    0.03677291423082352,
    -1.8537044525146484e-05,
    -1.8537044525146484e-05
  ],
  "nit": 44,
  "nfev": 690,
  "njev": 44,
  "status": 0
}