{
  "x": [
    0.3634131494013373,
    -3.786577809847676e-16,
    -7.05646629168058e-18,
    -7.425747516957251e-17,
    5.1655440900881686e-17,
    -6.46938341950639e-16,
    0.08014007302022173,
    0.053040348726926104,
    0.022306741514129848,
    0.48109968733738534,
    -1.316672269878002e-16,
    -2.0986585425325722e-16,
    2.2239552273713813e-17,
    -1.6767817970277474e-16
  ],
  "fun": -0.4383151262266827,
  "success": true,
  "message": "Optimization terminated successfully",
  "jac": [
    -0.0027257800102233887,
    0.3758945018053055,
    0.3140566162765026,
    0.44316843152046204,
    0.05494356527924538,
    0.7481677308678627,
    -0.003847680985927582,
    -0.0029797889292240143,
    -0.0022625625133514404,
    -0.0027586370706558228,
    0.007981386035680771,
    0.5389350540935993,
    0.002834644168615341,
    0.002834644168615341
  ],
  "nit": 18,
  "nfev": 273,
  "njev": 18,
  "status": 0
}