{
  "x": [
    0.009509996170813885,
    0.0006050292560058084,
    0.006674760007615227,
    0.0012405974968322097,
    6.22835673744703e-05,
    7.962664478296474e-06,
    0.0021010340703747216,
    0.004578180277685569,
    0.0013608297002401758,
    0.0009640507384806124,
    0.002733064772124825,
    0.001530049291600142,
    0.001308159443003665,
    0.00727646544287568,
    0.005521159227321686,
    0.005111061502674603,
    0.002162622008836396
  ],
  "fun": -0.09457684756234241,
  "success": true,
  "message": "Optimization terminated successfully",
  "jac": [
    -0.002849819138646126,
    -0.00046579912304878235,
    -0.0025550760328769684,
    0.018819169141352177,
    0.0024133380502462387,
    0.05615339148789644,
    -0.010823448188602924,
    0.00025621987879276276,
    0.0024249600246548653,
    0.0003115283325314522,
    0.0011119470000267029,
    -0.0006195753812789917,
    0.0026898253709077835,
    -0.0004456993192434311,
    0.004311295226216316,
    0.0020824139937758446,
    0.003069964237511158
  ],
  "nit": 57,
  "nfev": 1076,
  "njev": 57,
  "status": 0
}