{
  "x": [
    0.9367133612305991,
    0.025339877271911435,
    3.329748138224687e-11,
    3.265795292838941e-11
  ],
  "fun": -0.038838238056799666,
  "success": true,
  "message": "Optimization terminated successfully",
  "jac": [
    -1.3712327927350998e-05,
    0.0006151525303721428,
    1.6908616945147514,
    1.5525479712523522
  ],
  "nit": 14,
  "nfev": 74,
  "njev": 14,
  "status": 0
}