{
  "x": [
    5.525298973771344e-06,
    7.934364176567085e-06,
    6.360344826147398e-05,
    1.2501057808086415e-05,
    1.9681315005269182e-11,
    6.622240140999971e-05,
    -4.2259851958844083e-10,
    0.2092965559648703
  ],
  "fun": -0.08816833200161438,
  "success": true,
  "message": "Optimization terminated successfully",
  "jac": [
    8.507727672345936,
    8.655893113464117,
    -2.4014362851157784,
    -1.083704805932939,
    131.76953878533095,
    1.0868567284196615,
    1.7539934068918228,
    -1.2258067727088928e-05
  ],
  "nit": 94,
  "nfev": 929,
  "njev": 94,
  "status": 0
}