{
  "x": [
    0.00031750138795758775,
    5.065788457023508e-05,
    3.5736018670068547e-12,
    3.0157779181113378e-05,
    4.337934120270335e-05,
    9.279533022858992e-05,
    4.598379828375786e-05,
    0.0057886364184879455,
    1.7619991491614562e-12,
    6.314977686494073e-05,
    6.67440404450017e-05,
    2.6160729282668305e-06
  ],
  "fun": -0.11999491698538352,
  "success": false,
  "message": "Iteration limit reached",
  "jac": [
    3.0905868178233504,
    4.356298404745758,
    9.58856852259487,
    2.652240484021604,
    5.353397575207055,
    -1.1064388323575258,
    -2.5081149768084288,
    0.027785669080913067,
    12.958329360932112,
    -1.1709539517760277,
    -11.498841535300016,
    0.4289746908470988
  ],
  "nit": 100,
  "nfev": 1392,
  "njev": 100,
  "status": 9
}