{
  "x": [
    1.4545704861393476e-11,
    5.8428259002834666e-12,
    0.004334974801502933,
    1.8626771231289562e-11,
    1.273309958720674e-12,
    4.995355267978134e-12,
    0.0017596244752679801,
    1.643034620211602e-11,
    0.001893397112428901,
    0.0014899454324400064,
    0.0006215399257153404,
    0.0017697590430497598,
    1.7008680775161202e-14,
    0.0005284713702433758,
    0.967675518633887,
    0.000662112674135066,
    0.0015947180131866126,
    5.082731166595898e-11,
    9.16136463241182e-11,
    -1.180348424053246e-11,
    0.006663045435604198,
    0.006663045340498824,
    0.00434385012423606,
    -1.607017463138412e-11,
    -1.606944760198267e-11,
    -1.8109106018522074e-09
  ],
  "fun": -0.10077104298902703,
  "success": true,
  "message": "Optimization terminated successfully",
  "jac": [
    29.206207033246756,
    12.03812936320901,
    -0.0049745915457606316,
    37.28931188303977,
    3.027038182131946,
    10.260254570282996,
    0.0012605302035808563,
    32.24702451098711,
    0.01919745746999979,
    0.0008444497361779213,
    0.01299474947154522,
    -0.014316054061055183,
    0.39548439253121614,
    -0.07399917393922806,
    -0.00419488362967968,
    -0.009525655768811703,
    -0.005265822634100914,
    0.07546061556786299,
    0.1584426872432232,
    0.004359082318842411,
    -0.003911837004125118,
    -0.003911837004125118,
    -0.0026335688307881355,
    0.004175940528512001,
    0.004175940528512001,
    0.022148272953927517
  ],
  "nit": 38,
  "nfev": 1036,
  "njev": 37,
  "status": 0
}