{
  "x": [
    0.1510335660549281,
    5.870765022141951e-19,
    0.037393201428989165,
    0.18135258884475344,
    3.826367904524171e-18,
    3.509293102854006e-18,
    0.04059195564410851,
    0.008648660217608246,
    0.09993003104495683,
    0.23304550097067792,
    0.06686543473024514,
    0.012028968405171977,
    0.14819135831156532,
    0.005957261577149485,
    0.014961472769845798
  ],
  "fun": -0.11016656911223724,
  "success": true,
  "message": "Optimization terminated successfully",
  "jac": [
    -0.0006122514605522156,
    0.015402523800730705,
    -0.00019335653632879257,
    -0.0001283753663301468,
    0.010021436028182507,
    0.0031986432150006294,
    -0.00019306689500808716,
    -0.0004450567066669464,
    -0.00012033618986606598,
    -0.0002784356474876404,
    -0.000588039867579937,
    -5.797483026981354e-06,
    5.545094609260559e-06,
    0.0002550864592194557,
    -0.0004918407648801804
  ],
  "nit": 21,
  "nfev": 338,
  "njev": 21,
  "status": 0
}