{
  "x": [
    1.5124923719827245e-11,
    1.887744608137602e-10,
    -3.336067014221107e-09,
    -4.661862790464213e-10,
    0.022723510172654983,
    1.0568573524131733e-10,
    4.803015177970466e-10,
    9.208846785201522e-10,
    7.184506426494054e-05,
    1.3311195100147953e-10,
    3.177740013111165e-06,
    6.850971842170104e-08,
    0.9770941047381606
  ],
  "fun": -0.018567296386056843,
  "success": true,
  "message": "Optimization terminated successfully",
  "jac": [
    0.4997499966993928,
    0.13294693524949253,
    0.10135698178783059,
    0.920127194840461,
    -0.011226508300751448,
    15.766844111960381,
    0.1367016606964171,
    189.9513017439749,
    0.00916392426006496,
    9.357406868832188,
    0.6603864314965904,
    0.10641926690004763,
    0.0003041813615709543
  ],
  "nit": 61,
  "nfev": 872,
  "njev": 60,
  "status": 0
}