{
  "x": [
    0.0238019854212741,
    0.026593201164667346,
    0.03835351133635569,
    0.445188832676866,
    0.14368544144109852,
    0.06924494117665346,
    0.0439104915841389,
    0.021019748215164138,
    0.11426584187092342
  ],
  "fun": -0.14163600949883548,
  "success": true,
  "message": "Optimization terminated successfully",
  "jac": [
    0.000746995210647583,
    0.0008378047496080399,
    0.001163499429821968,
    0.00033402442932128906,
    8.33701342344284e-05,
    -0.0004840325564146042,
    0.0006630271673202515,
    -0.0004982650279998779,
    -0.000208243727684021
  ],
  "nit": 19,
  "nfev": 198,
  "njev": 19,
  "status": 0
}