{
  "x": [
    0.0018343852638849334,
    0.15495766162425037,
    0.05289183827483372,
    0.0017126023218986745,
    0.012447036791764468,
    0.013809302314727148,
    0.011079430654157296,
    0.1545951932639288,
    0.15457550947693002,
    0.1292007553734031
  ],
  "fun": -0.054504148420797906,
  "success": true,
  "message": "Optimization terminated successfully",
  "jac": [
    -0.002067781984806061,
    -1.049041748046875e-05,
    -0.00039881840348243713,
    -0.021748695988208055,
    0.0009633181616663933,
    -5.966704338788986e-05,
    0.003062634728848934,
    -1.043081283569336e-05,
    -1.0428018867969513e-05,
    0.00024244142696261406
  ],
  "nit": 32,
  "nfev": 367,
  "njev": 32,
  "status": 0
}