{
  "x": [
    4.239703937389778e-06,
    1.3468712554305144e-05,
    1.7110749063850962e-05,
    3.534536521243753e-05,
    3.5586914554414893e-05,
    0.5983146120090982
  ],
  "fun": -0.0708224751155156,
  "success": false,
  "message": "Iteration limit reached",
  "jac": [
    7.381409151479602,
    -6.334296158514917,
    3.7291788840666413,
    3.655694166198373,
    -2.736488053575158,
    -1.481175422668457e-05
  ],
  "nit": 100,
  "nfev": 782,
  "njev": 99,
  "status": 9
}