{
  "x": [
    -1.0172600101419456e-17,
    0.09989777442265,
    0.24724951877714157,
    0.08497440997992867,
    0.05290496420424356,
    0.35561513332721256,
    0.14105357676224647
  ],
  "fun": -0.10449062206961653,
  "success": true,
  "message": "Optimization terminated successfully",
  "jac": [
    0.01909484528005123,
    -0.0001294584944844246,
    -0.00018951110541820526,
    -9.6835196018219e-05,
    -8.310377597808838e-05,
    -0.00010863784700632095,
    9.732693433761597e-05
  ],
  "nit": 10,
  "nfev": 80,
  "njev": 10,
  "status": 0
}