{
  "x": [
    -9.333670129015481e-08,
    -8.847383617377769e-10,
    0.12694702032907632,
    0.4479299272692051,
    -2.9433571258534235e-08,
    -8.680876281896355e-10,
    0.4251225827772321,
    2.4954971948499274e-07,
    -1.9301902216296116e-07
  ],
  "fun": -0.1387194831418169,
  "success": true,
  "message": "Optimization terminated successfully",
  "jac": [
    0.07131745480000973,
    1.4216575659811497,
    -0.0019098035991191864,
    -0.0023018252104520798,
    0.324866047129035,
    1.4163413047790527,
    -0.001185685396194458,
    0.0013198591768741608,
    0.05722011439502239
  ],
  "nit": 14,
  "nfev": 140,
  "njev": 14,
  "status": 0
}