{
  "x": [
    3.1402474421190377e-12,
    0.006666277438642508,
    0.05667527815988138,
    3.714748502002047e-12,
    0.011108255150390071,
    0.0030145748633525135,
    3.998220192035112e-12,
    0.013396204858294033,
    3.935715360630118e-12,
    0.0004965952291446023,
    0.5198784667891054,
    0.003413169650060066
  ],
  "fun": -0.06971532677550189,
  "success": true,
  "message": "Optimization terminated successfully",
  "jac": [
    2.105671623721719,
    0.000196739099919796,
    -0.0007741544395685196,
    2.4690482253208756,
    -0.0013217460364103317,
    0.007333684712648392,
    0.6250345082953572,
    0.002194794826209545,
    3.5828785113990307,
    -0.00618496909737587,
    0.0003214152529835701,
    0.0006555886939167976
  ],
  "nit": 37,
  "nfev": 501,
  "njev": 37,
  "status": 0
}