{
  "x": [
    9.405085754909127e-16,
    0.021045940346345555,
    3.661766174699556e-16,
    6.513373733853894e-16,
    9.391388967790142e-16,
    3.1983456095241216e-17,
    3.62571492192752e-17,
    1.4607382540120526e-15,
    0.08094586909864385,
    6.729375801249934e-14,
    0.07594579969710208,
    0.022416641014855805,
    1.9795221757862692e-14,
    -6.982739999138996e-17,
    0.007193369141456021,
    0.0052886000217505676,
    0.31287417898818304,
    0.03237933217587628,
    0.025122049003079308,
    0.015787535596970527,
    -6.939761082039091e-16,
    0.04981182239795232,
    0.03671174723831365,
    0.03910685653893707,
    0.005637629405185185,
    0.014459844620288004,
    0.002456890936876192,
    0.006828044235310168,
    0.04282364089563288,
    0.010775694582381253,
    1.2445849547570369e-15,
    8.271981838264303e-17,
    0.13619977635003608,
    0.02426618022739329,
    2.177336302677258e-17,
    0.03192255748733872,
    -3.992166638545537e-18,
    8.424803388194437e-17
  ],
  "fun": -0.11159705750557403,
  "success": true,
  "message": "Optimization terminated successfully",
  "jac": [
    0.002331256866455078,
    -0.003702176734805107,
    0.48023918736726046,
    0.29583523515611887,
    0.10311923455446959,
    0.47472163103520876,
    0.02368035912513733,
    0.036358277313411236,
    -0.0014534024521708488,
    0.047845263965427876,
    -0.0012661796063184738,
    -0.0014950288459658623,
    0.04740067385137081,
    0.10156936943531036,
    -0.0017086518928408623,
    -0.001955895684659481,
    -0.0013367487117648125,
    -0.0017047598958015442,
    -0.0013682655990123749,
    -0.0012089964002370834,
    0.9725975310429931,
    -0.0009369198232889175,
    -0.001056247390806675,
    -0.0015149060636758804,
    -0.0013661058619618416,
    -0.0016569169238209724,
    -0.00028340425342321396,
    -0.0016949987038969994,
    -0.0011310670524835587,
    -0.0010711168870329857,
    0.031596604734659195,
    0.10856664646416903,
    -0.0011410117149353027,
    -0.00021248497068881989,
    0.0013303104788064957,
    -0.0014193486422300339,
    0.0013303104788064957,
    0.05869690328836441
  ],
  "nit": 38,
  "nfev": 1502,
  "njev": 38,
  "status": 0
}