{
  "x": [
    0.7629198288034984,
    0.0372947076122989,
    0.01199133582754895,
    0.01325723784574156,
    0.005096283972040846,
    0.00768966272507012,
    6.949252484095522e-18,
    0.008801364157641246,
    0.023402987188850227,
    0.014240948491471315,
    0.03085927438144487,
    0.015418548413718192,
    0.009373399053942456,
    0.0489411565279806,
    2.502932118106538e-18,
    0.010713264998752078,
    2.371468781268429e-19
  ],
  "fun": -0.1766655566898453,
  "success": true,
  "message": "Optimization terminated successfully",
  "jac": [
    -0.00011764653027057648,
    -0.00021277554333209991,
    0.0002752430737018585,
    -0.0001862160861492157,
    0.0024183280766010284,
    0.0004037264734506607,
    0.05614113248884678,
    -0.0010669063776731491,
    -9.978562593460083e-05,
    0.00034206919372081757,
    -4.291906952857971e-05,
    0.0001185201108455658,
    -0.0001782551407814026,
    -0.00010517612099647522,
    0.0039100199937820435,
    9.367987513542175e-05,
    0.0028849169611930847
  ],
  "nit": 35,
  "nfev": 649,
  "njev": 35,
  "status": 0
}