{
  "x": [
    0.003544291468574867,
    0.0018771003451222284,
    0.0010624490698337445,
    3.7665529095977438e-06,
    2.9205449731153667e-05,
    0.0016028096515230152,
    0.0015493092576928365,
    0.0009084137438974738,
    0.030354372690638422,
    0.0013444354688442726,
    0.001106596338199131,
    0.0045813829355900075,
    0.008344697393907412,
    0.0016537631173023475
  ],
  "fun": -0.6616306341563649,
  "success": true,
  "message": "Optimization terminated successfully",
  "jac": [
    0.017025403678417206,
    0.06398439407348633,
    0.01119520515203476,
    0.40411272644996643,
    0.001698806881904602,
    0.004213951528072357,
    0.010607719421386719,
    0.022529102861881256,
    -0.0007051825523376465,
    -0.010519810020923615,
    -0.017016716301441193,
    -0.02481832355260849,
    -0.007788375020027161,
    -0.005956597626209259
  ],
  "nit": 59,
  "nfev": 943,
  "njev": 59,
  "status": 0
}