{
  "x": [
    0.002290405562693939,
    0.0026574593041405214,
    0.0020158458227773858,
    0.0008270701987406539,
    0.01121549493338461,
    6.60233144812214e-12,
    0.25736316650351715,
    0.2573631665035173
  ],
  "fun": -0.11787146614401335,
  "success": true,
  "message": "Optimization terminated successfully",
  "jac": [
    0.0018129730597138405,
    -0.0029355566948652267,
    -0.003319317474961281,
    0.0007395371794700623,
    0.002202424220740795,
    0.05481676384806633,
    -9.801238775253296e-06,
    -9.801238775253296e-06
  ],
  "nit": 32,
  "nfev": 309,
  "njev": 32,
  "status": 0
}