{
  "x": [
    3.686249816790456e-17,
    0.17827793963401087,
    -1.156751614544534e-17,
    0.4541296423670584,
    0.23418254413596298,
    -7.719729820069032e-18,
    6.01929154855313e-17,
    0.10298435439410282
  ],
  "fun": -0.15879258256475043,
  "success": true,
  "message": "Optimization terminated successfully",
  "jac": [
    0.031623164191842086,
    0.00029954127967357635,
    0.027894627302885056,
    0.0005750153213739395,
    0.0005442742258310318,
    0.1164233535528183,
    0.026146953925490383,
    -0.00040072016417980194
  ],
  "nit": 6,
  "nfev": 54,
  "njev": 6,
  "status": 0
}