{
  "x": [
    -7.534724152531456e-18,
    0.3170843689850673,
    0.006963355934235991,
    0.3061365264246073,
    0.14125208729175892,
    0.03087526206297872,
    0.14024872300726837
  ],
  "fun": -0.0909030269165231,
  "success": true,
  "message": "Optimization terminated successfully",
  "jac": [
    0.0684977350756526,
    -0.00024727825075387955,
    -0.000573333352804184,
    -0.00018275249749422073,
    7.291696965694427e-05,
    -6.206519901752472e-05,
    0.00011397805064916611
  ],
  "nit": 15,
  "nfev": 120,
  "njev": 15,
  "status": 0
}