{
  "x": [
    0.11048537948097686,
    6.510090903428937e-16,
    1.6608272917615351e-16,
    0.0026865698637021586,
    2.245003199487833e-18,
    0.003975491415906072,
    0.027596061743911004,
    2.082324217031006e-16,
    -2.398330628743095e-17,
    0.19034352284980485,
    -3.962931608066306e-17,
    0.2575313604606702,
    0.2575313746489166,
    0.14985023953611182
  ],
  "fun": -0.08120854220870725,
  "success": true,
  "message": "Optimization terminated successfully",
  "jac": [
    1.5317462384700775e-05,
    0.08485612459480762,
    0.6612810408696532,
    -0.00010637287050485611,
    0.0016333917155861855,
    -0.0018873661756515503,
    -0.0023555895313620567,
    0.0027704481035470963,
    0.0022163577377796173,
    -0.000832725316286087,
    0.7825157418847084,
    -0.00048529263585805893,
    -0.0004852917045354843,
    -0.0004973066970705986
  ],
  "nit": 18,
  "nfev": 275,
  "njev": 18,
  "status": 0
}