{
  "x": [
    6.144720097096997e-17,
    0.002303332539793884,
    7.0656289240342465e-16,
    0.007070880554733302,
    0.023118638232721367,
    -9.179383775701285e-17,
    -5.139742792294146e-16,
    5.680931086381369e-17,
    5.590007326350937e-17,
    -5.861569774491624e-16,
    0.14124177781852224,
    0.49878261213390596,
    -3.0744233134960204e-17,
    0.32748275872032245
  ],
  "fun": -0.04851709755281132,
  "success": true,
  "message": "Optimization terminated successfully",
  "jac": [
    0.07772920373827219,
    0.0027375253848731518,
    0.4271607124246657,
    0.000672429334372282,
    -0.0009651686996221542,
    0.17612286051735282,
    0.039458063431084156,
    0.0011731251142919064,
    0.12560915760695937,
    0.5529743866063654,
    -0.00032068975269794464,
    -0.0003850501962006092,
    0.00040446827188134193,
    -0.00047551048919558525
  ],
  "nit": 21,
  "nfev": 319,
  "njev": 21,
  "status": 0
}