{
  "x": [
    0.0012454069767355812,
    0.01329937400698542,
    0.01306669120026808,
    0.013066599570939561,
    0.001661913675939927,
    2.1267916802549021e-16,
    0.002634137994080279,
    0.002989282119635853,
    0.0012157350991721608,
    1.9379777229289213e-17,
    0.007860404368007851,
    0.004103108971542557,
    -4.830182819637335e-16,
    3.027761772077405e-15
  ],
  "fun": -0.18073457780232385,
  "success": true,
  "message": "Optimization terminated successfully",
  "jac": [
    -0.0032501760870218277,
    -1.7257407307624817e-05,
    0.00037584081292152405,
    0.00037584081292152405,
    -0.0029899142682552338,
    0.502626182511449,
    0.00034195370972156525,
    -0.0008515175431966782,
    -0.0008251089602708817,
    0.3767906483262778,
    0.0006265658885240555,
    0.0006389115005731583,
    0.5676649305969477,
    0.03541402518749238
  ],
  "nit": 43,
  "nfev": 675,
  "njev": 43,
  "status": 0
}