{
  "x": [
    1.289595330919472e-18,
    0.8385307239214306,
    8.146101375508558e-17,
    7.214880505956523e-16,
    0.10333145648565822,
    0.03218987458244197,
    1.2624275530636008e-15,
    0.025947945010466295,
    3.1457563650612786e-15
  ],
  "fun": -0.045198467058375415,
  "success": true,
  "message": "Optimization terminated successfully",
  "jac": [
    3.3777106283232574,
    -0.00037547433748841286,
    0.21955078141763806,
    0.021037810016423464,
    -0.000392064917832613,
    -0.0005420572124421597,
    0.05581177398562431,
    -0.0004797680303454399,
    0.0003852588124573231
  ],
  "nit": 32,
  "nfev": 331,
  "njev": 32,
  "status": 0
}