{
  "x": [
    0.10225140449050972,
    0.0124943854972999,
    0.009173922428246785,
    5.901422600850885e-19,
    0.013551317435232054,
    0.0017627415379159865,
    -3.4817580980441353e-19,
    0.5414496643966021,
    0.016789829760334413,
    0.22580677107121433,
    2.4683473387710488e-17
  ],
  "fun": -0.2685574633839306,
  "success": true,
  "message": "Optimization terminated successfully",
  "jac": [
    4.8413872718811035e-05,
    0.00018380209803581238,
    0.0004546940326690674,
    0.1414147987961769,
    -0.000783577561378479,
    0.0007640831172466278,
    0.0013364367187023163,
    0.00024834275245666504,
    0.0005236901342868805,
    0.0004844963550567627,
    0.06489342078566551
  ],
  "nit": 26,
  "nfev": 324,
  "njev": 26,
  "status": 0
}