{
  "x": [
    0.0016914923226759079,
    0.0003885843669238054,
    -1.8013435277278192e-17,
    0.002433452830229929,
    0.0023538066308480088,
    0.00015330972237948573,
    0.001288499961070042,
    0.0004854029701421467,
    0.012660540053748583,
    0.00041795473459780403,
    0.007935899152337375,
    0.0016916387208001842
  ],
  "fun": -0.1346389958194722,
  "success": true,
  "message": "Optimization terminated successfully",
  "jac": [
    0.0008471272885799408,
    -0.005070779472589493,
    2.700436197221279,
    -0.004829375073313713,
    0.004498779773712158,
    0.019299296662211418,
    0.010154379531741142,
    -0.0031221993267536163,
    0.0009791795164346695,
    -0.05364141799509525,
    0.002041177824139595,
    0.0008471254259347916
  ],
  "nit": 63,
  "nfev": 869,
  "njev": 63,
  "status": 0
}