{
  "x": [
    -2.95632818390326e-17,
    0.03470262348783298,
    0.008972624860624829,
    0.18749491862753254,
    0.06501915115827916,
    -2.846178062829222e-17,
    0.035696238433635646,
    0.039297755400309116,
    -3.9710119734573264e-17,
    0.02955370444167464,
    0.29963698100120706,
    -1.5629753218226447e-17,
    0.2996260025889041
  ],
  "fun": -0.07901180082345115,
  "success": true,
  "message": "Optimization terminated successfully",
  "jac": [
    0.07929836958646774,
    -0.00033697206526994705,
    -0.001804037019610405,
    -0.0008152686059474945,
    -0.00023732054978609085,
    0.028926772065460682,
    -0.0022866157814860344,
    -0.0012946082279086113,
    0.08059766702353954,
    2.3840926587581635e-05,
    -0.0010314714163541794,
    0.0009451024234294891,
    -0.0010311184450984001
  ],
  "nit": 14,
  "nfev": 202,
  "njev": 14,
  "status": 0
}