{
  "x": [
    0.0014156917596689052,
    -7.000733977446932e-11,
    0.00018109563415480927,
    0.011476684583920566,
    -6.586155072283152e-11,
    0.0010617703942252467,
    0.05525521404584458,
    0.0035276470464087975,
    0.02365255524959219,
    0.00037261753282540646,
    0.008549389485748859,
    0.0007314866695192716,
    0.0010379766895473597,
    0.0011826409053799867,
    -6.009299338744699e-11,
    0.00041628237328986367,
    -7.391601697618362e-11,
    0.0025251907190760397,
    0.0018983182875816063,
    0.03357309689030269,
    0.8531412421948674,
    1.3791467569869654e-09,
    -8.25122044864833e-10
  ],
  "fun": -0.13523693403547093,
  "success": true,
  "message": "Optimization terminated successfully",
  "jac": [
    -0.0014475509524345398,
    5.894188776612282,
    -0.004161236807703972,
    7.826276123523712e-05,
    0.09965468384325504,
    -0.0006912983953952789,
    -0.0004557892680168152,
    -0.0010007545351982117,
    -0.0009284913539886475,
    -0.0061072614043951035,
    -0.0005340464413166046,
    0.005202474072575569,
    0.010631969198584557,
    0.0020881015807390213,
    2.9156888872385025,
    0.002491811290383339,
    6.788930365815759,
    0.0003999359905719757,
    -0.0034377630800008774,
    -0.00038360245525836945,
    -0.000363839790225029,
    0.00026530399918556213,
    0.03527586907148361
  ],
  "nit": 72,
  "nfev": 1785,
  "njev": 72,
  "status": 0
}