{
  "x": [
    1.17586840441659e-12,
    1.6188688476114664e-12,
    0.013163907185452435,
    0.0476418924331472,
    1.3320781478657438e-12,
    0.043302771902722526,
    1.2509736074089944e-11,
    0.14370202399318427,
    1.13953478813629e-12,
    1.3846851700247957e-12,
    -1.8327027591377548e-10,
    1.1753507697343432e-12,
    4.7903675839237105e-11,
    1.1367581213896299e-12,
    1.5691000520505693e-12,
    0.000553636122188135,
    1.1031608468734293e-12,
    2.614178612246937e-10,
    -4.974216774155521e-11,
    1.8615431238127724e-12,
    0.09326105012185551,
    0.01360076610048489,
    1.3369107468596597e-12,
    1.1048462234857311e-12,
    0.006392047089856179,
    0.03210755922690659,
    0.01025741192453987,
    0.06654509991248277,
    0.08612469351334415,
    1.1006395785149156e-12,
    3.658512697582681e-12,
    0.004157735749476445,
    0.16972801984807454,
    1.1873548398897928e-12,
    0.01820125624526665,
    0.0013639805012951342,
    1.1174318660735478e-12,
    0.006338543904429084,
    1.4291089719423872e-12,
    2.6221415264203968e-12,
    0.027956412995377725,
    1.1822975585512647e-12,
    0.1437433359890856,
    1.1004201214588916e-12,
    1.1014816438273965e-12,
    1.3063112076011188e-12,
    0.0022675910355242157,
    1.0999045698659224e-12,
    1.0995764135246284e-12,
    -1.7037792938791587e-11,
    1.0987060953122813e-12,
    2.2256271797260266e-12,
    9.966479912400358e-13,
    1.5967336473355566e-12,
    0.009268878701298028,
    2.630758570757182e-12,
    0.053175902842552095,
    1.3425622804304579e-12,
    2.3224515672038653e-12,
    2.7061286531535715e-12,
    1.0991457130491978e-12,
    2.1611246574215317e-12,
    1.0991180806289376e-12,
    2.904213244423465e-12,
    0.007145482545053266,
    8.342842638671876e-13,
    1.0989204577182912e-12,
    1.2333214428606668e-12
  ],
  "fun": -0.1088903509134435,
  "success": true,
  "message": "Optimization terminated successfully",
  "jac": [
    0.3964964896440506,
    1.2925817957147956,
    -0.0029791928827762604,
    -0.002280046232044697,
    0.34195010643452406,
    -0.0026107197627425194,
    0.0015183072537183762,
    -0.003119370900094509,
    0.041530806571245193,
    0.49452460929751396,
    0.027121976017951965,
    0.26654504984617233,
    1.0744084008038044,
    0.0868656225502491,
    1.4025298552587628,
    -0.002168029546737671,
    0.011244925670325756,
    0.09337634593248367,
    -0.0020733559504151344,
    1.945267790928483,
    -0.002395966090261936,
    -0.002079140394926071,
    0.7371195796877146,
    0.04647898953408003,
    -0.002671687863767147,
    -0.0026329336687922478,
    -0.0026337895542383194,
    -0.0026725949719548225,
    -0.0027967821806669235,
    0.0027774162590503693,
    6.333003429695964,
    -0.0007400242611765862,
    -0.0024704812094569206,
    0.4719047024846077,
    -0.002882508561015129,
    -0.002623151056468487,
    0.06294294819235802,
    -0.006772058084607124,
    0.6529466575011611,
    3.0184370512142777,
    -0.002590489573776722,
    0.3923650234937668,
    -0.0027460288256406784,
    0.002780236303806305,
    0.002780236303806305,
    0.449550942517817,
    -0.004161532036960125,
    0.0027818074449896812,
    0.0027937907725572586,
    0.0007469430565834045,
    0.0027937907725572586,
    3.0669980263337493,
    0.12494142074137926,
    1.1076395958662033,
    -0.0025247884914278984,
    3.1489259898662567,
    -0.0038016242906451225,
    0.4200172359123826,
    3.0735873449593782,
    4.066712032072246,
    0.0027758534997701645,
    2.249666588380933,
    0.0027758534997701645,
    0.02036411687731743,
    -0.0057777827605605125,
    -7.513444870710373e-05,
    0.002773667685687542,
    0.5228469474241138
  ],
  "nit": 40,
  "nfev": 2794,
  "njev": 40,
  "status": 0
}
