{
  "x": [
    0.0006536067870890404,
    -1.6420236376473041e-09,
    2.6875538718313248e-05,
    1.587586964172079e-05,
    1.3885587667662315e-05,
    -5.365441453285166e-10,
    3.3083216775184305e-05,
    1.0925724748723959e-05,
    4.888142678502936e-06,
    0.0005766660917150081,
    1.110716830696674e-05,
    0.0006528852480079426
  ],
  "fun": -0.8252411747176213,
  "success": true,
  "message": "Optimization terminated successfully",
  "jac": [
    0.004956759512424469,
    14.703543275594711,
    0.8297886103391647,
    0.4255816340446472,
    0.09673111140727997,
    15.615559943020344,
    0.2451804280281067,
    1.714587688446045,
    1.921168439090252,
    -0.041520580649375916,
    -0.1753573790192604,
    0.004956759512424469
  ],
  "nit": 98,
  "nfev": 1357,
  "njev": 97,
  "status": 0
}