{
  "x": [
    0.11714762830489678,
    -3.861693839578551e-18,
    0.020823374881609815,
    0.0532676171375434,
    0.058180195986936335,
    -3.9575342091482076e-17,
    -4.8448847191588717e-17,
    0.01490674805154226,
    0.12729649366735357,
    0.43889127352583884,
    0.03369419522214776,
    -2.1658828041165525e-17
  ],
  "fun": -0.06677574704655799,
  "success": true,
  "message": "Optimization terminated successfully",
  "jac": [
    0.00018188171088695526,
    0.03452993836253882,
    2.432987093925476e-05,
    -0.0008961725980043411,
    5.403347313404083e-05,
    0.1846756311133504,
    0.06908934470266105,
    1.5739351511001587e-05,
    0.0010300027206540108,
    0.0004818253219127655,
    0.002138049341738224,
    0.01924720499664545
  ],
  "nit": 21,
  "nfev": 277,
  "njev": 21,
  "status": 0
}