{
  "x": [
    0.008029262400400366,
    0.010014930113641296,
    -1.393415565407254e-16,
    1.2284710476999505e-16,
    -3.23493753502207e-17,
    0.5781749971567706,
    0.024164555484594615,
    -9.397718147438e-17,
    0.2614994745728065,
    -1.2981810015518274e-14,
    5.866189553224456e-17,
    0.013860081552299808,
    -2.9028577893305276e-16,
    0.07200196798748919,
    0.02804456745206255
  ],
  "fun": -0.26320198309158366,
  "success": true,
  "message": "Optimization terminated successfully",
  "jac": [
    -0.0005246847867965698,
    -0.0001628883183002472,
    0.10701407492160797,
    0.18398425728082657,
    0.0876137726008892,
    5.6955963373184204e-05,
    0.000337749719619751,
    0.10190973430871964,
    8.565932512283325e-05,
    0.008973989635705948,
    0.030071593821048737,
    0.0006945617496967316,
    0.14965490996837616,
    -6.982311606407166e-05,
    0.000269230455160141
  ],
  "nit": 26,
  "nfev": 417,
  "njev": 26,
  "status": 0
}