{
  "x": [
    2.4454222988495253e-05,
    0.19276723755082492,
    0.19356895118058787,
    0.1930174733965172,
    4.757102467736488e-17,
    0.000282807971547454,
    1.7111926335601648e-16,
    0.00012570567819099549,
    4.411016747820674e-17,
    0.0002496123459901986,
    0.15715200167516782,
    0.19276645147584373
  ],
  "fun": -0.7222489509094187,
  "success": true,
  "message": "Optimization terminated successfully",
  "jac": [
    1.6819777637720108,
    -5.356967449188232e-06,
    -5.386769771575928e-06,
    -5.356967449188232e-06,
    0.5085929781198502,
    0.04369372874498367,
    0.5422881841659546,
    -0.17038948833942413,
    6.773137331008911,
    0.018730953335762024,
    -0.00015348941087722778,
    -5.349516868591309e-06
  ],
  "nit": 48,
  "nfev": 662,
  "njev": 48,
  "status": 0
}